{"layerSizes":[10,40,1],"weights":{"0":{"11":-0.09685277942956601,"12":0.45225592237427825,"13":-0.16291707295049768,"14":0.43094011742538474,"15":0.3154272880249812,"16":0.37005730787756097,"17":0.2988161048204921,"18":-0.08774473990113581,"19":-0.2696876146903238,"20":0.014743733817126896,"21":-0.4281021067336476,"22":-0.3128267617844806,"23":-0.42141623751768414,"24":0.32886769362851587,"25":-0.314863163545744,"26":0.46266045090932384,"27":0.01700799781549079,"28":0.44115175016456554,"29":-0.26827967752262066,"30":0.32264189041381974,"31":-0.09824901583622317,"32":0.22650820236671332,"33":0.03528415433755959,"34":-0.1498873487047152,"35":0.34282762187972166,"36":-0.34790264867175186,"37":-0.23374028970573946,"38":-0.0015752914260513846,"39":0.2969291153130409,"40":0.47818646673155585,"41":-0.4163182791824342,"42":0.07550281062333168,"43":0.0038466122910477893,"44":-0.11068123358752117,"45":0.43303727186532814,"46":1.4118566392858072,"47":-0.26780431613108585,"48":-0.3742071011849765,"49":-0.3154839036432449,"50":0.7693457146633598},"1":{"11":0.03377131181379181,"12":0.3416722107079072,"13":-0.07450792980944941,"14":0.4240572472186581,"15":0.2666306039342375,"16":0.4697487422638059,"17":0.44807462237651147,"18":-0.1841541851967594,"19":-0.40371260210145005,"20":-0.07269442664239391,"21":-0.38941527234710754,"22":-0.30431087236686377,"23":-0.2612909908159184,"24":0.3510073241457249,"25":-0.2856176699214518,"26":0.4062915456016896,"27":0.10195146040626664,"28":0.4032437900788761,"29":-0.2818303122204548,"30":0.3575385684800239,"31":-0.023479603672288907,"32":0.18313758789213935,"33":0.05038310576071213,"34":0.010579260787685167,"35":0.44948862170920767,"36":-0.44512765893231915,"37":-0.3103208709845491,"38":-0.0922185661638457,"39":0.3058807834220654,"40":0.4629701660545499,"41":-0.331957728792093,"42":0.07482090479220473,"43":-0.157512078978241,"44":-0.15646649661231715,"45":0.3152373252137212,"46":1.5372291957020885,"47":-0.4342539849140303,"48":-0.33771029915303025,"49":-0.31894068019077787,"50":0.7651072215115684},"2":{"11":-0.12297739522733327,"12":-0.0709626310498802,"13":-0.12012826417199106,"14":0.44963914967914237,"15":0.3527442420650161,"16":0.28256372031297955,"17":0.2852318860713233,"18":-0.12900396541505937,"19":-0.3380266477365252,"20":-0.09068356011571772,"21":-0.37078913387416096,"22":-0.12914583837693633,"23":-0.321770868116179,"24":0.3082143297241088,"25":-0.3062762928182516,"26":0.3224139325396117,"27":0.09459827601764123,"28":0.383516591005335,"29":-0.41949297655809986,"30":0.36674234309918263,"31":-0.16878834608832413,"32":0.13501690486104706,"33":0.010678984823660906,"34":-0.09433484403778321,"35":0.28954141827499064,"36":-0.4326376972859715,"37":-0.3130901856166566,"38":-0.014807504788837786,"39":0.3410364257922841,"40":0.4111862452034397,"41":-0.4121277067687725,"42":0.13010121599714947,"43":-0.1379844709035818,"44":-0.05383975098409814,"45":0.3094607337149202,"46":1.354557408556775,"47":-0.28315062366724536,"48":-0.2819517559409363,"49":-0.3484572015405733,"50":0.6295946202363836},"3":{"11":-0.035002595062352745,"12":-0.27807256240890316,"13":-0.10484145984890277,"14":0.30351339056407506,"15":0.3420970651414553,"16":0.2563884876097514,"17":0.4506260717726077,"18":-0.12759122261123712,"19":-0.4322824925757756,"20":-0.06686009473791714,"21":-0.3610245898565774,"22":0.05737498636455956,"23":-0.4148351955995178,"24":0.3590880245738346,"25":-0.49338693259718086,"26":0.4420037133704098,"27":0.3930088194200826,"28":0.24654766040038562,"29":-0.5347785262405094,"30":0.4560440332011898,"31":-0.25576997831723725,"32":-0.4391304210490981,"33":0.0851592978341275,"34":0.011195721917030447,"35":0.46044853823653814,"36":-0.35335155594971485,"37":0.13036768679535904,"38":-0.0754496231290644,"39":0.3517736347996241,"40":0.49958615641150256,"41":-0.38303132874291496,"42":0.4437720325006224,"43":-0.22735404557472555,"44":-0.11428246812898642,"45":0.34850019478470384,"46":0.3980773764715698,"47":-0.5017664924946834,"48":-0.4337512315111976,"49":-0.4419201876183813,"50":0.3347736854971005},"4":{"11":-0.059221963262645436,"12":-1.0351661276960966,"13":-0.9135301402972865,"14":-0.4590791805887301,"15":-0.22283970246976817,"16":-0.03637009841016732,"17":0.13377885506348935,"18":-1.0632420898575108,"19":-0.28872062120921993,"20":-0.010027299884128645,"21":-0.28813811096761444,"22":0.2744218219991682,"23":-0.43993481869160017,"24":1.3078793183434585,"25":-2.029634970647545,"26":1.4945060966871773,"27":-0.2635450238255104,"28":-0.12528157302045836,"29":-0.41620447252257026,"30":1.3699321357932193,"31":-0.6267981747251677,"32":-1.1082141909159056,"33":-0.02482146329873,"34":0.6814816299413771,"35":1.4328850254882806,"36":-0.4047202537763817,"37":-0.14229926183481903,"38":-0.38467472873522585,"39":-0.22228888820921364,"40":1.3805929437404494,"41":-0.4058264001433675,"42":0.404485513538887,"43":-1.1089785760724538,"44":-1.1109626348882018,"45":-0.1260787362617727,"46":0.2764914244975363,"47":-0.3074064065167433,"48":-0.3798636926355679,"49":-0.33279547835588325,"50":0.1787349338863867},"5":{"11":-0.013103501700422238,"12":-1.01578008400765,"13":-0.3477066300691823,"14":0.1111225722747767,"15":0.19411574450301125,"16":0.12362208603125321,"17":0.6334836212804347,"18":-0.3147055591078101,"19":-0.9455255935282554,"20":-0.0268409991044537,"21":-0.9183748087839214,"22":-0.011945807093824642,"23":-0.9692518773612865,"24":0.582813055885071,"25":-2.080168105238873,"26":0.5754929568245342,"27":-0.2857057426526198,"28":0.1286960014356909,"29":-0.9952679375462132,"30":0.2687078264610528,"31":-0.5291120374075082,"32":-1.030974226352656,"33":-0.2605157786770728,"34":0.6880314092715678,"35":0.7158627370426849,"36":-1.01910100431267,"37":-0.29245252830462026,"38":-0.3484961255453611,"39":0.08275879247865645,"40":0.5585364107867925,"41":-1.0775467584338505,"42":0.49376720524839324,"43":-0.3695530649618432,"44":-0.4157452493682457,"45":0.026672830703383985,"46":0.21101020848684282,"47":-0.9620189259737775,"48":-0.9833173471860397,"49":-1.0882668471127483,"50":0.023651516290710925},"6":{"11":-0.07959728201897719,"12":-0.4336495099369886,"13":-0.03274020587593649,"14":0.01440305157376269,"15":0.2741984512877234,"16":0.37630916895105204,"17":-0.09765926997129874,"18":-0.10540568757617032,"19":-0.39310873321704537,"20":-0.07667384923782576,"21":-0.39321443395362315,"22":0.030886861111267764,"23":-0.4618718800461013,"24":0.4653554498988621,"25":-0.3380549444438427,"26":0.4115958483168773,"27":0.003948142285677546,"28":0.30091428686967925,"29":-0.47038163744953093,"30":0.5048185598237016,"31":-0.11639889591639258,"32":-0.36669002437228365,"33":0.062047194239852596,"34":-0.03486457212341541,"35":0.5055753029196173,"36":-0.35910723050197174,"37":0.10017518124285106,"38":-0.08055151732670564,"39":0.28386238969702116,"40":0.48647267932130067,"41":-0.3735260100303926,"42":0.31955444824874796,"43":-0.176803360116085,"44":-0.07983527055837643,"45":0.41916379755651656,"46":0.24746238980058421,"47":-0.4988112493660672,"48":-0.430174168970293,"49":-0.40382329589336424,"50":0.37116734448369365},"7":{"11":0.015514858105494859,"12":-0.5308077279766832,"13":-0.11356302636538508,"14":0.03295052104139472,"15":0.32767705114494344,"16":0.2937259532847398,"17":0.34751619416970453,"18":-0.11436081284777562,"19":-0.45609538382160114,"20":-0.10560332256983555,"21":-0.5301105025474242,"22":0.0010123494167393922,"23":-0.35163020135009954,"24":0.4505479155535104,"25":-0.4923501977958477,"26":0.41010275566829524,"27":-0.1171027121484081,"28":0.3439091636231417,"29":-0.34502098985518864,"30":0.0575387496628589,"31":-0.20493501464783345,"32":-0.3783879098475598,"33":0.07508419298173268,"34":-0.057657118821010364,"35":0.4643428447344742,"36":-0.5172152190660158,"37":-0.2009238218707438,"38":-0.03219418662286109,"39":0.43272176921370287,"40":0.36646286835937153,"41":-0.42084308124943565,"42":0.7716150520207399,"43":-0.07113411006486604,"44":-0.04564343726431509,"45":0.39985931081159876,