{"layerSizes":[10,40,1],"weights":{"0":{"11":0.39874370891421634,"12":-0.3307992527664259,"13":0.39165393198341064,"14":-0.41963174150905547,"15":-0.482094301874529,"16":0.45844650033239304,"17":-0.3088795416646892,"18":0.3794450931337641,"19":0.5641386351216533,"20":0.5622029617740061,"21":-0.10607315326016731,"22":0.26991355451210103,"23":-0.06150759807927392,"24":0.5210749479712689,"25":-0.1074037453907477,"26":0.17955681010935362,"27":-0.1744007249302971,"28":-0.1563283859408342,"29":0.004430245175098324,"30":-0.13697922374447868,"31":0.1105247598084865,"32":0.430912854832394,"33":-0.04642379600984403,"34":0.4955919057760823,"35":-0.1433794783948965,"36":-0.09099518871470078,"37":0.40065749348019825,"38":-0.023462282424066713,"39":-0.10084569917889934,"40":-0.4697236136784357,"41":-0.05398846092972852,"42":-0.19399961132785665,"43":-0.09379720590131294,"44":-0.08046743435533996,"45":0.33097360113018365,"46":-0.09018617698160633,"47":-0.008688028064408937,"48":0.4689078806347236,"49":0.22646488963507633,"50":0.2909137334045153},"1":{"11":0.39675272366611275,"12":-0.4414697097744667,"13":0.39503328693910406,"14":-0.023493291175287256,"15":-0.5288416624114334,"16":0.374553992329088,"17":-0.5326647231038787,"18":0.2848012457358399,"19":0.5464612456798146,"20":0.30329192808803535,"21":-0.2897900077815731,"22":0.3132837514508339,"23":0.2371824924365305,"24":0.45490413084208875,"25":-0.43968907029437415,"26":0.3478072562858063,"27":-0.0805430195741816,"28":-0.388735371097444,"29":-0.04050301842750509,"30":-0.33485597656426586,"31":0.37540805126202276,"32":0.29559295843033156,"33":-0.32612197866074005,"34":0.2834229789225578,"35":-0.3605359338822732,"36":-0.2112124647482733,"37":0.4275292093469952,"38":-0.15858269828210625,"39":-0.16043045458594601,"40":-0.29102767980256716,"41":-0.15917707012759558,"42":-0.1648453021251447,"43":-0.09248600336790397,"44":-0.2044559189511854,"45":0.43104450151221146,"46":-0.002850638213053508,"47":-0.46113818667263856,"48":0.513246145052942,"49":0.18081001670867913,"50":0.30963758168405114},"2":{"11":0.547952734497767,"12":-0.4026546175525943,"13":0.2633231284378312,"14":-0.08751749623818633,"15":-0.5429392968587641,"16":0.40936334847180794,"17":-0.6633066724578709,"18":0.3162264992265748,"19":0.40039399037554874,"20":0.3530311107314665,"21":-0.3908931016456429,"22":0.4482472287228299,"23":0.2795493741776203,"24":0.2899325259551159,"25":-0.3621632871127995,"26":0.44857102257849396,"27":-0.08860487274549818,"28":-0.3221863991121788,"29":-0.05940378521221429,"30":-0.33996189901149904,"31":0.37624860752357053,"32":0.3068341875694693,"33":-0.3763367488208305,"34":0.4293479855047733,"35":-0.32090500428359997,"36":-0.17248163822167878,"37":0.35191635335582744,"38":-0.12356402589750637,"39":0.04326143291830719,"40":-0.1680011317853552,"41":-0.20766433951778027,"42":-0.049421411226411985,"43":-0.04371953110253421,"44":-0.1834702450842328,"45":0.38489452101336147,"46":-0.10039979138899094,"47":-0.3861655218288011,"48":0.5198507261982075,"49":0.40245237401520434,"50":0.2936481987876369},"3":{"11":0.27332619744378356,"12":-0.4869930320813876,"13":0.3449499582278099,"14":0.1416071254708684,"15":-0.5663571804809319,"16":0.31126163117330446,"17":-0.7038450092122873,"18":0.20932386828967192,"19":0.568554515889891,"20":0.44998378308191295,"21":-0.4517574713787436,"22":0.4456634496622311,"23":0.13966748573763885,"24":0.3717274109504108,"25":-0.4072886003296245,"26":0.34015727550010894,"27":-0.4986411492607831,"28":-0.33465501102637557,"29":-0.2781274248203418,"30":-0.29432010557953464,"31":0.36105468541077895,"32":0.2760803522861924,"33":-0.45118700509398474,"34":0.2968677904148938,"35":-0.2952106142594388,"36":-0.20301419274804586,"37":0.44215021272325555,"38":-0.08962266874025576,"39":0.39375174876843216,"40":-0.16973792762035544,"41":-0.08707703721167509,"42":-0.08822007119253301,"43":-0.12090066252775294,"44":-0.17378853024129176,"45":0.34120538378270976,"46":-0.02825375635260538,"47":-0.3823893859181093,"48":0.47115484408722613,"49":0.3900639794301255,"50":0.3312995718633513},"4":{"11":0.27878060953462763,"12":-0.3915322273177903,"13":0.3107675409776473,"14":0.18820440977815875,"15":-0.23438199824233513,"16":-0.17506841446463195,"17":-0.5686666863430712,"18":0.09460800495802824,"19":0.4462130109570776,"20":-0.07492413573873552,"21":-0.4571994305689924,"22":0.3858314756053915,"23":0.2755078319114371,"24":0.328916897605847,"25":-0.30136458791564574,"26":0.40999274073143005,"27":0.024633585784273757,"28":-0.3613624140410861,"29":-0.18543339562407907,"30":-0.4144206214011184,"31":0.26105466538734334,"32":0.40117440525055265,"33":-0.4090855664956285,"34":0.3061199464043343,"35":-0.46088020277191294,"36":-0.1151257354886821,"37":0.2790604141373371,"38":-0.15473359296720918,"39":-0.041220056322540166,"40":-0.2935695164709965,"41":-0.14651845350418474,"42":0.3026481036489929,"43":-0.03254545916959145,"44":-0.03468741665216718,"45":0.31455136995297167,"46":-0.16020839893461422,"47":-0.3765640004731197,"48":0.41439359939515025,"49":0.315494104993421,"50":0.43245962085345263},"5":{"11":0.4092936013702992,"12":-0.3781114577318118,"13":0.4268478309238501,"14":0.053185168017923945,"15":-0.5539226239604318,"16":-0.2077466903206839,"17":-0.6981966178999506,"18":0.19164567688595222,"19":0.38057678893898145,"20":0.43629850381783125,"21":-0.3203424884203823,"22":0.4384269451859147,"23":0.30793609924774995,"24":0.4389276643655223,"25":-0.3838482446384545,"26":0.4512751526387813,"27":-0.15140673935587423,"28":-0.40786606336159387,"29":-0.6465166705086721,"30":-0.41028482556368934,"31":0.3741143498436274,"32":0.3876748961581396,"33":-0.4830139584131015,"34":0.415525416438896,"35":-0.43715534078907764,"36":-0.12614737338321774,"37":0.3351091029856342,"38":-0.12705591619372547,"39":0.0614723269659384,"40":-0.23636682114668447,"41":-0.18728843570459838,"42":-0.0848786388544527,"43":-0.15023015045992072,"44":-0.10219535977213928,"45":0.28301756280517365,"46":-0.19033708383723277,"47":-0.3545579696713462,"48":0.5155873963493618,"49":0.3202952313550761,"50":0.4554115581966616},"6":{"11":0.395365918560799,"12":-0.48810299789544115,"13":0.3742150992196935,"14":0.19143462332832012,"15":-0.2241898340568087,"16":-0.1124108028314264,"17":-0.6143886971972857,"18":0.2884280462115089,"19":0.4465804213503963,"20":-0.17383723152088282,"21":-0.41517741581290873,"22":0.3929677134261694,"23":0.1787269187293735,"24":0.3298422416621158,"25":-0.46181722850054135,"26":0.388902442364283,"27":0.07387276712757859,"28":-0.40354356845134637,"29":-0.1271059684542486,"30":-0.37215377041155545,"31":0.2773401985292176,"32":0.35549320010928837,"33":-0.393103456297308,"34":0.3073686737892701,"35":-0.4853410803351343,"36":-0.20306036064393165,"37":0.4532956323304987,"38":-0.19950395437237853,"39":-0.051608036949629565,"40":-0.2675180514990747,"41":-0.0423940686967712,"42":0.3381501024684335,"43":-0.16952032873711786,"44":-0.1275883847962706,"45":0.3819180567682438,"46":-0.01925208236730777,"47":-0.36636814638749765,"48":0.4079557651332287,"49":0.3582052419337086,"50":0.3220508337346782},"7":{"11":0.5032281133251508,"12":-0.3255459521517217,"13":0.30672746722092165,"14":0.19254664112543285,"15":-0.6265774526341048,"16":-0.031979769452124496,"17":-0.6209052772986353,"18":0.12421203915243856,"19":0.5642124165460234,"20":-0.18377584592565968,"21":-0.3401950471464928,"22":0.4329582765020182,"23":0.11924556434403696,"24":0.3930356023885521,"25":-0.3748698468260821,"26":0.37162668839643526,"27":-0.1480573471898946,"28":-0.29132444025661003,"29":-0.024942350885722997,"30":-0.3958673921689379,"31":0.4408206649617959,"32":0.33958713249345046,"33":-0.4428559207184381,"34":0.43903021862873487,"35":-0.292682072872886,"36":-0.19395167694815815,"37":0.3874717795444667,"38":-0.19178666718260748,"39":0.08944136260956126,"40":-0.23396921207454144,"41":-0.13088768577682808,"42":-0.09123375416165137,"43":-0.10209986055693132,"44":-0.18055501883833439,"45":0.4765072724840576,"46":-0.07758727769389226,