{"layerSizes":[10,40,1],"weights":{"0":{"11":-0.6837492760604862,"12":0.2374962763688626,"13":0.056319704151955065,"14":-0.6014199522497103,"15":0.8376454363358619,"16":-0.5890522040619635,"17":0.24427941272970366,"18":0.02478238193140212,"19":-0.5723797757300695,"20":0.5294578026176389,"21":0.40555088768748976,"22":0.2950329619479343,"23":-0.46830446005500426,"24":0.2543854945821111,"25":-0.6094407439091949,"26":0.40109675405464906,"27":-0.30081061175362456,"28":0.2470224287676896,"29":-0.4980632842545738,"30":0.37891431184876634,"31":1.7270933971229707,"32":-0.6997522212489631,"33":0.25951850724766623,"34":-0.1265027122381766,"35":0.4136920811614427,"36":0.383556486404011,"37":0.3382965778879034,"38":0.07274182226181528,"39":0.4103475253536651,"40":-0.574561637257099,"41":-0.1205213606207308,"42":0.9207419101888749,"43":0.40308098088099237,"44":0.36300905094455466,"45":-0.6353936360219701,"46":0.704961736643319,"47":-0.11975548667131161,"48":0.38250890318463804,"49":0.10834062435893474,"50":0.6065326459211232},"1":{"11":-0.6595518778531884,"12":0.30145258764253147,"13":-0.060727288769084294,"14":-0.5580238982329704,"15":0.7177008955342989,"16":-0.6383410654117676,"17":0.3156253161202886,"18":0.12284166556507059,"19":-0.31123966732295805,"20":0.6113556166403559,"21":0.4240001142635681,"22":0.3881580986008977,"23":-0.48309719950284735,"24":0.32035091557277817,"25":-0.4542309888653642,"26":0.3115922492621897,"27":-0.1127563449748202,"28":0.40383374145525514,"29":-0.5129230828403434,"30":0.32872210204705954,"31":1.6378973309118652,"32":-0.40276232173082865,"33":0.42698101532949734,"34":-0.16367822277767122,"35":0.4190080137790166,"36":0.37645965069991033,"37":0.3803208637672514,"38":0.07829122171297273,"39":0.24816477070768045,"40":-0.6880540584258199,"41":-0.22504116804914748,"42":1.0033814603478457,"43":0.29250405920821726,"44":0.37135306841062315,"45":-0.5031743797331248,"46":0.7877519153787269,"47":-0.03166374804730898,"48":0.4295925151138105,"49":0.2289450964351492,"50":0.624817918464036},"2":{"11":-0.3770906658103274,"12":-0.06441468328262233,"13":-0.2099097871496348,"14":-0.5290984667396921,"15":0.6073248046908226,"16":-0.5284829717528376,"17":-0.18735534007411053,"18":-0.1056878258702725,"19":-1.049492679282371,"20":0.33980844678748406,"21":-0.1981511347555075,"22":0.19836147310235347,"23":0.12703570656710392,"24":0.3193785891649516,"25":-0.6842966609505854,"26":0.18774826812598544,"27":-0.514713394520188,"28":-0.1662052961521922,"29":-0.26784879332245537,"30":0.22458894956846492,"31":1.1737180641138878,"32":-0.2901775634936608,"33":0.18800256510684774,"34":-0.13706226138619054,"35":-0.07300791056617804,"36":0.22562891391713824,"37":-0.11851018144357316,"38":-0.062391014199598235,"39":-0.0741922546892486,"40":-0.508956707762938,"41":-0.11111887276850527,"42":-0.04286609055563804,"43":0.21533455812541516,"44":0.303085162039685,"45":-0.22429010346654166,"46":0.8716609774351054,"47":0.26346943152814023,"48":-0.06192948127212193,"49":-0.0694291003543014,"50":0.35153567441910105},"3":{"11":0.2431605553527288,"12":-1.9970537215254929,"13":0.480186627443473,"14":-0.18421664380689506,"15":-0.15904489763103624,"16":-0.046625197893856773,"17":-1.9383238452832148,"18":-0.7263272992566346,"19":-0.19217564594963016,"20":-0.056467038116414445,"21":-1.8871460474266186,"22":-2.013341988006032,"23":0.1587527718301527,"24":-0.047399688193498865,"25":-0.577444270001122,"26":-0.5799371405342316,"27":0.18823587679251833,"28":-2.028627005761437,"29":-0.7727989892056479,"30":-1.9450245677906128,"31":-0.1860311472155357,"32":0.2445202851212096,"33":-1.985048434124036,"34":0.5803705188074573,"35":-1.9942252255338382,"36":-0.6197137083103836,"37":-1.9763849188071396,"38":-1.9275809193637279,"39":-1.9150320307951643,"40":-0.06151516844439342,"41":0.5457952912961523,"42":-0.01301521364765149,"43":-0.1346449719647349,"44":-0.06812478610269755,"45":-0.6780595197707389,"46":-0.4732455452675975,"47":1.720691999087811,"48":-2.0034414973845474,"49":-1.1485612239804093,"50":-0.047167595246997915},"4":{"11":-0.5805185844974359,"12":0.10448005052683598,"13":-0.24453482212842859,"14":-0.557203203077548,"15":0.6966779799396776,"16":-0.6022786059717977,"17":0.02419296301873733,"18":0.12978002378535514,"19":-0.6187804259876966,"20":0.16431994688004195,"21":0.18590729993501023,"22":0.4192674923593645,"23":0.17603109503762535,"24":0.3721875000154322,"25":-0.9002235928356215,"26":0.23364769371220223,"27":0.024000754071246,"28":0.13226079593299786,"29":-0.4724668430102929,"30":0.039946276686858934,"31":1.1729728344003403,"32":-0.33345915755711886,"33":0.13916927341308868,"34":-0.1786695917269559,"35":0.10150147963002312,"36":0.30078706228561997,"37":0.19185354255351503,"38":0.10039016554025823,"39":0.07810589308134322,"40":-0.6784131515310035,"41":-0.1756735574140217,"42":0.17242046309662762,"43":0.32795386717545993,"44":0.3529260311540092,"45":-0.5476969541954578,"46":0.409933401402556,"47":-0.03065673342615538,"48":0.26691788775125186,"49":0.08020580267748263,"50":0.5190761771496288},"5":{"11":0.13108733382930415,"12":-0.31408539586254236,"13":0.2636646743338551,"14":-0.23574299462009785,"15":0.16797274594212638,"16":-0.20590788252767578,"17":-0.4030127755999997,"18":-0.16867827230713225,"19":-1.0030866846674709,"20":0.14389555153637365,"21":-0.31327313942109436,"22":0.22201249699557518,"23":0.09571253283072283,"24":0.17826884973321575,"25":-0.6543444445421507,"26":0.11528032111666034,"27":0.15367978767370769,"28":-0.23189665398578013,"29":-0.6533085107713759,"30":-0.36406190632361213,"31":0.7614805047801706,"32":0.18374938291662068,"33":-0.36770140547590746,"34":0.16284118900345587,"35":-0.3505248781556636,"36":0.2386391227514012,"37":-0.28423115738438487,"38":-0.2997635400072286,"39":-0.38039635476300826,"40":-0.24685867476878404,"41":0.15439585695767227,"42":-0.01056985864662877,"43":0.19896803359138962,"44":-0.35371235830638525,"45":-0.56464540769511,"46":0.3172206537257832,"47":0.6256215295721542,"48":-0.23345932313724527,"49":-0.14980349458678807,"50":0.13414772685262058},"6":{"11":-0.7523250015760563,"12":0.18062195549026824,"13":-0.04512152342107057,"14":-0.613870875274587,"15":0.6973832861821632,"16":-0.6249872240197596,"17":0.12008125388428217,"18":0.18496638670659848,"19":-0.37781862864063076,"20":0.7010355483654755,"21":0.053481452547311265,"22":0.3542161724055456,"23":0.13149544722758869,"24":0.28798915724213864,"25":-0.8478201791091812,"26":0.27280827951291825,"27":0.10730734009923457,"28":0.10405750378736875,"29":-0.5697945102589542,"30":0.14454030065355913,"31":1.8140765182086311,"32":-0.42014340846969944,"33":0.12597228257746687,"34":-0.24165779121410857,"35":0.023743811931942777,"36":0.2930003335416089,"37":0.011285774999473835,"38":0.05101247873978301,"39":0.05728625615052532,"40":-0.717695888764236,"41":-0.10232467585496446,"42":0.14782945508774512,"43":0.3126264140788399,"44":0.23335905430402148,"45":-0.6017722988149903,"46":0.28361274890543353,"47":-0.03909605983822706,"48":0.01113227254779317,"49":0.1360749508777733,"50":0.7966939195257796},"7":{"11":-0.6360462601972909,"12":0.16457127545565045,"13":0.06513507077871492,"14":-0.5718110852361238,"15":0.25144160828053574,"16":-0.6968197288410676,"17":0.16861202125475602,"18":0.07422206594527073,"19":-0.538896211681309,"20":0.4010288689267189,"21":0.14261514678081358,"22":0.26230425609130253,"23":-0.025011941073805107,"24":0.296271556449975,"25":-0.8756537218448106,"26":0.32890198625996897,"27":0.14231879398871558,"28":0.062188233479510885,"29":-0.6099771512612313,"30":0.24224172509968078,"31":1.8114673136688373,"32":-0.41386896935425804,"33":0.09673509206658013,"34":-0.2526265733852504,"35":0.16126438931827095,"36":0.3231399867234845,"37":0.08748686551340487,"38":0.14965557693234213,"39":0.0961491133002583,"40":-0.6874322061378442,"41":-0.175101503037985,"42":1.0206087718506498,"43":0.23450062631962842,"44":0.31249447658796037,"45":-0.6136354721636432,"46":0.25358405079591556,"47":0.012137779423809003,