{"layerSizes":[10,40,1],"weights":{"0":{"11":0.021784592929790528,"12":0.26443417261428,"13":-0.17318426627791172,"14":0.3316015268607085,"15":0.3425873396623648,"16":-0.12623946901490363,"17":0.39072157428729,"18":0.5228646714764418,"19":-0.09597181718477209,"20":0.48107883556209413,"21":-0.3208286692681402,"22":0.021254110745194413,"23":0.22775610856998252,"24":0.13413895064629666,"25":0.027504043969364858,"26":-0.2541769179117206,"27":-0.28134166495116897,"28":-0.11894126553468677,"29":0.3800800680818584,"30":-0.15009751430895057,"31":0.43173019317412825,"32":-0.04719398855802277,"33":-0.33171033179179177,"34":0.6587283632232169,"35":-0.11747331365998427,"36":-0.23682710070128743,"37":0.36069716825907344,"38":0.25376902596564116,"39":0.16904164828305404,"40":0.024752673595231103,"41":0.3845651469685914,"42":0.1842283564642074,"43":0.37616765668478186,"44":-0.14905037975773694,"45":0.364767948187203,"46":-0.04042590653392551,"47":-0.2437818866138427,"48":0.08683577753650817,"49":-0.15259377177050226,"50":0.3722020783854751},"1":{"11":-0.14158766583206622,"12":0.35207429112217353,"13":-0.13792469566426568,"14":0.37158625995028566,"15":0.46219772434061507,"16":-0.07351437097159456,"17":0.3476784726257404,"18":0.5815114532547294,"19":-0.1039487461226085,"20":0.450778420734622,"21":-0.34656987231534425,"22":-0.013431771393801119,"23":0.23574894999243368,"24":0.19593448427052151,"25":-0.05668140995122982,"26":-0.20099415127775155,"27":-0.17063341170599033,"28":-0.08768452313167512,"29":0.5072492435602151,"30":-0.2859261837463988,"31":0.49203358894168875,"32":-0.14773635916859318,"33":-0.3289520004332349,"34":0.6864691914913102,"35":-0.08374610286295446,"36":-0.17305997466608702,"37":0.5006219876901522,"38":0.1671497573416146,"39":0.20447721204383476,"40":-0.05226162405424627,"41":0.345418121690425,"42":0.3078503244373498,"43":0.36255611181327957,"44":-0.10888860289601306,"45":0.48182757012193905,"46":-0.07613851026631181,"47":-0.219219192488031,"48":0.13679538412006775,"49":-0.16714612717250033,"50":0.3778788663754608},"2":{"11":-0.08239296127046462,"12":0.2573179775075323,"13":-0.16501985921591167,"14":0.35416975519963895,"15":0.46687269933236847,"16":-0.10811499863012007,"17":0.39750075709061056,"18":0.5427861746167946,"19":-0.008471715018684163,"20":0.36996092927302476,"21":-0.2826393609125509,"22":-0.072277661466473,"23":0.1629297685863949,"24":0.23579527823614002,"25":-0.0969142199043652,"26":-0.15749558099576055,"27":-0.21414397351136616,"28":-0.0887571269843138,"29":0.04163434045866761,"30":-0.24357119462223498,"31":0.5131418780398068,"32":-0.12737619433462782,"33":-0.2620163777681631,"34":0.6633533801155461,"35":0.0276393507059728,"36":-0.21849842573178302,"37":0.37278317525192023,"38":0.13269702138183534,"39":0.23773167287786795,"40":0.03085848045788052,"41":0.4194502345389172,"42":0.1951241092539693,"43":0.4054730264352722,"44":-0.04289038780183092,"45":0.3654750768417296,"46":-0.2389671259515455,"47":-0.14765937025933373,"48":0.2393055311404397,"49":-0.13999714304725897,"50":0.35194599322799},"3":{"11":-0.3911421435456674,"12":0.6725294050952538,"13":-0.06292380707126877,"14":0.0580157567349307,"15":0.025501789073398673,"16":-0.3846395927015262,"17":0.7199876370652993,"18":0.09499174146812459,"19":-0.4691161615788741,"20":0.2961745754404425,"21":-1.1646275109112105,"22":-0.36578881931336743,"23":-0.3863518538673874,"24":-0.2586531338700225,"25":-0.47837940477746627,"26":-0.11348566104352276,"27":-0.03794361853790024,"28":-0.2937234137163451,"29":-0.3412656704485148,"30":-0.042627476763899386,"31":0.04021946523101838,"32":-0.3016262161747924,"33":-0.1800719211363215,"34":0.21074492151112728,"35":-0.47449134419446987,"36":-0.062001633982149355,"37":-0.017393046570230344,"38":-0.2514987031401212,"39":0.2836385241364013,"40":-0.3090284462461021,"41":0.7469195334341887,"42":-0.22968787252375383,"43":0.7815593367117379,"44":-0.04919365537252082,"45":0.19291869096062306,"46":0.050109739641095205,"47":-0.10632637364060549,"48":-0.1537189475152335,"49":-0.0991892639156203,"50":0.07329139150838826},"4":{"11":-0.3881728550479618,"12":0.7603110571625822,"13":-0.03754192718455396,"14":0.10520016486966541,"15":0.04840273503539752,"16":-0.4302405725042983,"17":0.8453218882766482,"18":0.2261684578553505,"19":-0.39388349456512955,"20":0.2820873697571931,"21":-0.31840928555002407,"22":-0.43263931080507984,"23":-0.3927243735448554,"24":0.19826609198320053,"25":-0.45482817354888766,"26":-0.1484329594726438,"27":-0.04722791400420845,"28":-0.3315583315684029,"29":0.1926307602889322,"30":-0.08718314707826605,"31":0.1720921979633594,"32":-0.4670196198560617,"33":-0.0567015701701608,"34":0.24618829552939964,"35":-0.37261546967324605,"36":-0.16373966288825675,"37":0.41305372912987387,"38":0.3571616424613236,"39":-0.13960624090677948,"40":-0.38806901425572543,"41":0.7743213388596508,"42":-0.21242580741470857,"43":0.6948019214691342,"44":-0.04759747034253456,"45":0.14466344606472906,"46":-0.023987103480058544,"47":-0.03394435217050551,"48":-0.0226062344076673,"49":-0.07906017968050222,"50":0.2226106691739969},"5":{"11":-0.4713237539277417,"12":0.8223921477034843,"13":-0.1300829022678302,"14":0.16589728238378573,"15":0.06156329715616904,"16":-0.3218547345561871,"17":0.7243973771580499,"18":0.2922011040387615,"19":-0.3357533203137792,"20":0.22003327199764405,"21":-0.3661258642640756,"22":-0.4545938389089162,"23":-0.4732413104433392,"24":-0.30893476228175704,"25":-0.3234925413239757,"26":-0.12502848009709544,"27":-0.02943491213201166,"28":-0.29075268679090166,"29":0.11388500691504475,"30":-0.18526654200182477,"31":0.17735015276956728,"32":-0.3057284207897029,"33":-0.16207948593815702,"34":0.299394673333029,"35":-0.4139100595547644,"36":-0.1610178729959142,"37":0.2625361385919445,"38":0.3511417760913628,"39":0.3466252382571576,"40":-0.4750047310216316,"41":0.719578812432851,"42":-0.1444034733155598,"43":0.7337099019433377,"44":-0.15051629922360202,"45":-0.2897448945153865,"46":0.09092771866869397,"47":-0.019621053230840874,"48":-0.1561173395502766,"49":-0.02210933521827374,"50":0.23038356610118815},"6":{"11":-0.46412407888258406,"12":0.7235066717828149,"13":-0.02840897713367918,"14":0.13427463236958417,"15":0.19007401985138375,"16":-0.4386451415848384,"17":0.7406105863022727,"18":0.1455775751343871,"19":-0.3679179296664961,"20":0.4078439509892429,"21":-0.45209660621734044,"22":-0.34685715375974296,"23":-0.3613713724330649,"24":-0.22892730810614387,"25":-0.3925842015790451,"26":-0.03532884962503696,"27":-0.13816191598916233,"28":-0.4826355305666931,"29":0.04903397375121363,"30":-0.06465452239422098,"31":0.12160052066627441,"32":-0.43757975995260906,"33":-0.1275846379923648,"34":0.32191659547466916,"35":-0.36263047838379453,"36":-0.1756981718187388,"37":0.2605098682317985,"38":-0.2263094260732455,"39":-0.2037346946812087,"40":-0.3481505984125007,"41":0.681013220507981,"42":-0.10971833716595762,"43":0.6953256625545704,"44":-0.10269697187931368,"45":0.13487424309089827,"46":0.12560915830581015,"47":-0.13943074429579005,"48":-0.13100344166254208,"49":-0.15253260900403282,"50":0.06043772892659188},"7":{"11":-0.23372522371821292,"12":0.6434625885472502,"13":-0.02197033665380261,"14":0.2269800176198199,"15":0.18410810335591477,"16":-0.3237067655378083,"17":0.6988443304678367,"18":0.2417052623533871,"19":-0.17874133470492415,"20":0.4635983733502697,"21":-0.28861868513385375,"22":-0.22300348166232375,"23":-0.2291802305330356,"24":0.1134706867734595,"25":-0.1984207200493011,"26":-0.05300755896525795,"27":-0.015148119203180634,"28":-0.14620062897876696,"29":0.25341718593021134,"30":0.02648411991328299,"31":0.15987090678597965,"32":-0.2379745676163505,"33":-0.015972219087721957,"34":0.3888173637199383,"35":-0.18191237580123953,"36":-0.1032690056164998,"37":0.3539062277874698,"38":0.2254637897593595,"39":0.15756170384188536,"40":-0.1998742996606857,"41":0.6493904929583263,"42":-0.17419873771856853,"43":0.7103634107605545,"44":-0.18606086356670865,"45":0.3638667892747059,