{"layerSizes":[10,40,1],"weights":{"0":{"11":0.5386383405008692,"12":0.011215857038823928,"13":-0.5515362315463235,"14":0.14348398199805634,"15":0.08604379400631731,"16":-1.3012529323665931,"17":0.1316873813518517,"18":0.45663742795001877,"19":0.2758768788200454,"20":0.3213413071568886,"21":0.06293377021521017,"22":0.20021100114379867,"23":0.1641227395046468,"24":-0.005569671349579846,"25":0.039187201643845065,"26":-0.40985701904247757,"27":0.4110300322774067,"28":0.2020873491494265,"29":0.18674181265523795,"30":-0.5878450330688545,"31":-0.3148588609055867,"32":0.576015874746979,"33":0.5535623399433872,"34":0.11481648945884022,"35":0.2436523132473877,"36":-0.5481672924367318,"37":0.4912129806840287,"38":-0.2306750061864044,"39":0.13181752343904518,"40":0.16754669773427736,"41":0.3122706893328237,"42":0.12278965808859328,"43":-0.6187280747395203,"44":-0.018244622479893016,"45":0.37228737342014795,"46":0.15112805459443185,"47":0.25214775789901295,"48":-0.16463691839180833,"49":0.21240374701851272,"50":0.5695393371397184},"1":{"11":0.5546630403605584,"12":0.0819039309635751,"13":-0.5366267231517319,"14":0.251135520420783,"15":0.17364804029640873,"16":-1.2988287492151067,"17":0.11258939965158062,"18":0.5386207505180081,"19":0.1960810454440575,"20":0.29551848746837733,"21":0.08055016165966067,"22":0.26462369559669086,"23":0.12566166665425446,"24":-0.03500384496983622,"25":0.10864537580110946,"26":0.13457398356521405,"27":0.3003835764769262,"28":0.24530698170377327,"29":0.17707443794498542,"30":-0.6188211148905656,"31":-0.3605327150245279,"32":0.6177142967199455,"33":0.5751340058014422,"34":0.1251496647318291,"35":0.30576427973980175,"36":-0.5386296976223182,"37":0.6281269917662905,"38":-0.1775741520749289,"39":0.07309583566436181,"40":0.30043528597485,"41":0.27481118724365855,"42":0.1427338089453885,"43":-0.6760832531829399,"44":-0.03673576695435678,"45":0.30496365149611543,"46":0.07905141445302463,"47":0.2982386962710429,"48":-0.19385339302869792,"49":0.19668497517387576,"50":0.4790240888035933},"2":{"11":0.44760447191456315,"12":0.009700052264185657,"13":-0.47842676411665525,"14":0.210049158246355,"15":-0.035786259057141716,"16":-0.800887524120662,"17":-0.07370472446162933,"18":0.24388093736246214,"19":0.1721370010622883,"20":-0.005298487714403832,"21":0.007792861462130204,"22":0.29770149748107083,"23":0.1312063569609272,"24":0.0864445181926279,"25":-0.014777194092056578,"26":-0.41611310741963276,"27":0.192275323561534,"28":0.17983848435965843,"29":0.1508755622974861,"30":-0.6384347184990784,"31":-0.24198696832055772,"32":0.3037793523658981,"33":0.4711292523187553,"34":-0.2914261831335794,"35":0.20510122769134026,"36":-0.7753856099057026,"37":0.5854427562256639,"38":0.017809893935634036,"39":0.010133860316658416,"40":0.12986250661510923,"41":0.12791858659220556,"42":-0.3038644122827097,"43":-0.6709118303523967,"44":0.08346028300703201,"45":0.06039027570571248,"46":0.04204117404978008,"47":0.17463096113727866,"48":-0.01232969384887313,"49":0.08840176692115856,"50":0.3874035818883084},"3":{"11":0.47199079011965633,"12":0.17753405766225056,"13":0.2398917029709473,"14":0.21138206555175815,"15":0.18636279173765707,"16":-0.07868228643864719,"17":0.4635062807784684,"18":-0.45819800405992583,"19":-0.31555337265881395,"20":-0.0723451292474305,"21":0.13805905949770111,"22":-0.24932178386330714,"23":-0.3661370906395522,"24":0.6702774109083096,"25":0.1331995273712201,"26":0.03192097814963629,"27":-0.05992801731238391,"28":0.19741776371654457,"29":-0.26765676388673565,"30":0.1790966614043267,"31":0.5811337711172437,"32":0.07263617031881409,"33":-0.1618050096040226,"34":-0.23456221654449905,"35":-0.39505714727573743,"36":-0.8578418221350768,"37":0.6135481711169875,"38":0.002815930228485586,"39":0.3044169863807971,"40":-0.38528877705688874,"41":0.2027111563716995,"42":0.21703071563769502,"43":0.31250597873258584,"44":0.03013752415251235,"45":-0.02445139723769582,"46":-0.3180611782384733,"47":-0.4018857233313324,"48":-0.08694648682746974,"49":-0.24367851696724904,"50":0.1850863779016783},"4":{"11":0.35650078463036655,"12":0.15444275245715416,"13":0.21816024180761334,"14":-0.2176946845485713,"15":0.12098966294913922,"16":0.07173083403216576,"17":0.3855809520107914,"18":-0.21514647357728217,"19":-0.36747182594493205,"20":0.047913903080385845,"21":0.0898758530559529,"22":-0.361637101197025,"23":-0.287007595106302,"24":0.6504803913253674,"25":0.13116831336450985,"26":0.07084608396986153,"27":0.2013882998065391,"28":-0.23675311130212848,"29":-0.2648689105334461,"30":0.10596356337746848,"31":0.2602251796232946,"32":0.07041516468949804,"33":-0.03773563621514549,"34":0.10437142743261744,"35":-0.38465366655367544,"36":-0.8390241200120352,"37":0.5472770591328671,"38":-0.04979551740176258,"39":0.3346237257089541,"40":-0.25866339552941453,"41":0.15257341292267101,"42":0.25790500131140703,"43":0.342764809727085,"44":0.08652898534818182,"45":0.1156645999965294,"46":0.06293695079315892,"47":-0.39536108756898897,"48":-0.08635531556518798,"49":-0.3492264985728977,"50":-0.2732776276316631},"5":{"11":0.40614196112444595,"12":0.07903522197535029,"13":0.246614229509655,"14":-0.6028919782001224,"15":0.1024418936092189,"16":0.3395289824523029,"17":0.19774530742711377,"18":-0.5956777649299617,"19":-0.5510788176381561,"20":-0.40932757014556365,"21":0.1521030391316326,"22":-0.6216226906955793,"23":-0.43961707077470535,"24":0.8532364660554763,"25":0.02253424750590169,"26":-0.7633046453150478,"27":0.001999507090913566,"28":-0.4388388899366542,"29":-0.5750146878897502,"30":0.21099691819306118,"31":0.3798717970190966,"32":0.058218574142459345,"33":-0.15660461416594162,"34":-0.3634144449565643,"35":-0.5102821315320304,"36":-1.4132332086966164,"37":0.8797238225019715,"38":-0.178830556767288,"39":0.1083597048689241,"40":-0.5844996355038976,"41":0.018043566446382026,"42":0.21931357151770006,"43":0.36613122708871354,"44":-0.35858746674701936,"45":-0.5815207359722593,"46":-0.02817820330727633,"47":-0.4560879426996253,"48":-0.029520528332985893,"49":-0.5246469787281451,"50":-0.5916557787617562},"6":{"11":0.33913787134795853,"12":0.0600136709549091,"13":0.164433514702283,"14":0.22871892545728212,"15":0.1106742549828323,"16":0.2089003268307548,"17":0.36454120555435093,"18":-0.2166773298667115,"19":0.1626314212069121,"20":0.03797673390200168,"21":0.09569601434001458,"22":0.4164020329759092,"23":-0.24460084689109232,"24":0.6408089979581455,"25":-0.11809204666972575,"26":-0.5301353681603638,"27":0.4708825384048269,"28":0.1953368257449088,"29":-0.39822006649402303,"30":0.1134946228367831,"31":0.4303898409400866,"32":0.0984742717071508,"33":-0.14732450685731385,"34":0.16861054004693568,"35":-0.3952803841826122,"36":-0.794591042949621,"37":0.7149545801705874,"38":0.3586772914646331,"39":-0.0939961412041541,"40":0.19355262158546716,"41":0.18489035563782324,"42":-0.2107955342196139,"43":0.3194913538424279,"44":-0.05924448918155359,"45":-0.021999351428932862,"46":0.08199258991194422,"47":-0.08869842516327885,"48":0.006937128627317525,"49":-0.2870703785422246,"50":0.340600842230061},"7":{"11":0.35819857881740264,"12":0.004762584559659052,"13":0.28035487118913033,"14":0.1097896542409005,"15":0.11086696397344654,"16":0.21240901548563487,"17":0.4063861206589325,"18":-0.0850325666946292,"19":-0.3794421198314489,"20":0.04299420389326053,"21":0.06048809990626834,"22":-0.05894710630618542,"23":-0.3345760813284571,"24":0.7033908478026287,"25":-0.3363377219630183,"26":0.13977359219258317,"27":0.3955294939418326,"28":0.12313232637423703,"29":-0.3426193290958944,"30":0.16052860458521476,"31":0.2614362147998256,"32":0.23668049483672465,"33":-0.08650826694426395,"34":0.28601248766673065,"35":-0.2462330074225559,"36":-0.8752808362076292,"37":0.7228627555221798,"38":0.4054618160362981,"39":-0.0776694036501294,"40":-0.3660111712621072,"41":0.15848713664348568,"42":0.17241074373845428,"43":0.3692750560718048,"44":-0.03319197619232285,"45":0.10618855238043429,"46":-0.02197304900448327,"47":-0.2776438441327532,