{"layerSizes":[10,40,1],"weights":{"0":{"11":0.5081844757869343,"12":-0.240812495280008,"13":0.571151532002061,"14":-0.007677055631441415,"15":0.3259049199373516,"16":0.6552128656741869,"17":0.07084690564747094,"18":0.341581222535674,"19":0.5301839207269303,"20":0.7024163459916823,"21":0.30408890154628276,"22":0.1872694579282319,"23":0.21082984668908894,"24":0.49755359437703356,"25":0.18246115991698414,"26":0.5936447847747981,"27":0.6800233424587512,"28":0.031186284160260355,"29":0.07600708241083465,"30":0.16644871077637513,"31":0.19513997813805872,"32":-0.05322077785656934,"33":-0.28007585041746696,"34":0.6381127380986384,"35":0.20334984668776135,"36":-0.05325955095102361,"37":-0.32409445921881114,"38":0.6462707180103233,"39":0.07533706031151777,"40":-0.09228235902664596,"41":0.2090777121337904,"42":-0.07258189898332001,"43":0.2726119956009384,"44":-0.06384641254360016,"45":0.9573609986580358,"46":0.24391378214737414,"47":0.052399304043045006,"48":-0.08628479740748524,"49":-0.01118872670261076,"50":-0.346254405048172},"1":{"11":0.45062428800294513,"12":-0.09091047721497242,"13":0.6058653459956014,"14":-0.014612448800000982,"15":0.20057833580121803,"16":0.6329832111872677,"17":-0.10106404587244976,"18":0.24173027680440756,"19":0.6817112996440784,"20":0.5333279411747212,"21":0.19683912637500622,"22":0.3334476317970098,"23":0.32039405963440437,"24":0.5562654189798435,"25":0.18630170591163164,"26":0.7064331900484802,"27":0.6954043032977091,"28":-0.06215482871554559,"29":0.10475317506554103,"30":0.2032891707503431,"31":0.1716425171916559,"32":-0.018594404623275246,"33":-0.40866087176181604,"34":0.7049849197209079,"35":0.206505959334909,"36":-0.1940209186968905,"37":-0.3003163291229399,"38":0.6590179956128359,"39":0.15044615143484671,"40":-0.0755406835455698,"41":0.32360225442487345,"42":-0.15606245402192948,"43":0.3684989645472011,"44":-0.02913768776234435,"45":0.69257094775792,"46":0.20654666064659716,"47":0.03249121753590214,"48":-0.11301853515163385,"49":0.021526836888445783,"50":-0.30868203467065564},"2":{"11":0.328911292079441,"12":-0.21677496921210246,"13":0.7056139606085474,"14":0.037096092663441764,"15":0.1579443893916357,"16":0.556926794000614,"17":0.6854669913475722,"18":-0.21792675697051145,"19":0.7211150761243923,"20":0.5743446216949977,"21":0.2073277834395731,"22":0.22194547531210562,"23":-0.07557185976788716,"24":-0.05293599115604153,"25":0.37047408285236444,"26":0.5515612241242476,"27":-0.031007951064972533,"28":0.4222587792006823,"29":0.9688647430479533,"30":0.9733546417840695,"31":0.36045844304037716,"32":0.0650763407371401,"33":-0.328625548037139,"34":0.4146867095131132,"35":0.17718628931233688,"36":-0.08800412904423313,"37":-0.3410140718897932,"38":0.0682346076265672,"39":0.5081402117541223,"40":0.4958646856833528,"41":0.2321737517172654,"42":-0.11696769913091004,"43":0.22961360766818495,"44":-0.005140877359194223,"45":0.6337662814689085,"46":0.1784558578341579,"47":-0.053469784086938615,"48":0.04557477548529348,"49":0.02578100289554979,"50":-0.28944750450136936},"3":{"11":0.7517916325497951,"12":-0.18286528614982203,"13":0.6898180231926505,"14":0.07984948464089191,"15":-0.9992405826157101,"16":-0.3050785323825478,"17":0.0728735918460142,"18":-0.31478004466009935,"19":-0.37558949489505533,"20":0.7264399756089805,"21":0.6855603629158156,"22":0.8666321920570723,"23":-0.5788498930098267,"24":-0.7014620894028731,"25":0.7212788704883548,"26":0.3293674688143658,"27":-0.048270025852826054,"28":0.8107699209290395,"29":0.7315828115667589,"30":0.04098723394985854,"31":0.3575581167664222,"32":0.14908446197484468,"33":0.39852367400958394,"34":-0.13875781330423917,"35":0.7034607206710946,"36":0.07853767705869275,"37":0.06948750789617517,"38":-0.16912789674239845,"39":0.43040930145674366,"40":0.7740446866098827,"41":0.8577678594688418,"42":-0.6283389237901631,"43":0.2976034715990619,"44":0.5204158206195518,"45":0.37304058344553254,"46":0.8077439587509887,"47":-0.4042193566280725,"48":0.15380271327650308,"49":-0.4065601314598559,"50":0.11678237832829447},"4":{"11":0.23767597335040497,"12":0.27774654123748616,"13":-0.17305066158861898,"14":0.6422966705521775,"15":-3.063962023160222,"16":-0.3404968373881937,"17":-0.597171379844885,"18":-0.2740002783571,"19":-0.48774548216854113,"20":0.03646661176634796,"21":1.6548522251286788,"22":1.5289025953457989,"23":-0.42600845982487423,"24":-1.7466350391082601,"25":1.5422201110590366,"26":0.22340478256727472,"27":-0.4417327064417344,"28":0.7169720859915376,"29":0.18683212574896765,"30":-0.099150674959544,"31":0.6487794413031602,"32":0.1250733146385218,"33":0.823893134929589,"34":-0.5642035566221346,"35":1.541740345908642,"36":-0.5705085908513694,"37":0.4107533181657462,"38":-0.133313879600523,"39":0.03200376397425264,"40":1.1371961067077874,"41":1.641363457817869,"42":-0.13131785433289017,"43":0.36338348693048644,"44":0.14962216241303333,"45":-0.16228601374694712,"46":1.620251371065632,"47":-0.9678067509084584,"48":-0.32421757662574757,"49":-1.1022258414427446,"50":0.2696963298779225},"5":{"11":0.8084956152450467,"12":-0.186585550155785,"13":0.7216405655817237,"14":0.3466347356702532,"15":-0.9541362779875716,"16":-0.24484276553607326,"17":0.28304061382119017,"18":-0.5506055312144256,"19":-0.38381229094734426,"20":0.06933475655547991,"21":0.856284455834809,"22":0.7098833249215943,"23":-0.490373756575359,"24":-0.8473459707353583,"25":0.7106492380059808,"26":0.2672301033854507,"27":-0.13139552430598864,"28":0.7174162310073373,"29":0.6050089353449253,"30":0.25341804249534544,"31":0.486327009315682,"32":0.7219371826060652,"33":-0.2704491996188969,"34":-0.1197275326094224,"35":0.8317314239014562,"36":-0.045629201626224164,"37":0.10318582766952608,"38":-0.09844363406907611,"39":0.5555416404968505,"40":0.8227886976095922,"41":0.813843346845226,"42":-0.5071330044244899,"43":0.7348957909538381,"44":0.18947700541486204,"45":0.4139040591648276,"46":0.728923640989831,"47":-0.36144639448967375,"48":0.08475737104652081,"49":-0.42045515220771157,"50":-0.21260238548050212},"6":{"11":0.2538178879809658,"12":0.3852711253971075,"13":-0.2599298602050521,"14":0.5772686480054389,"15":-3.1140984596842616,"16":-0.3085261288396075,"17":-0.49996899113059545,"18":-0.36518113959445997,"19":-0.573828220971611,"20":-0.050559659078085795,"21":1.70221996830591,"22":1.526984019497628,"23":-0.3459532091495648,"24":-1.7838604900520498,"25":1.5861097853260553,"26":0.290654989611462,"27":-0.46650127166090666,"28":0.6482025384617276,"29":0.20126903663807036,"30":-0.07892010059040294,"31":0.7241736989327372,"32":0.16595124923413548,"33":0.7343144246815851,"34":-0.192596388976371,"35":1.5243280046356271,"36":-0.5969038489002205,"37":0.19020198665094545,"38":-0.09890241911280769,"39":0.15460008710546266,"40":1.2081098532273788,"41":1.6165434831261507,"42":-0.12976630172723808,"43":0.26485302531321847,"44":0.011862958293452332,"45":-0.13558814840686528,"46":1.6361374782032243,"47":-0.9905826783407262,"48":-0.364618882113519,"49":-0.9520989852479077,"50":0.22984860160542891},"7":{"11":0.8025076940780616,"12":-0.23667977606674998,"13":0.680162401121539,"14":0.2162578620522336,"15":-1.0924945741749172,"16":-0.2439967140987243,"17":0.02808330907814792,"18":-0.4831203231689548,"19":-0.375237172579596,"20":0.029886580481479096,"21":0.8452382608262601,"22":0.7112407724840719,"23":-0.5104275613537234,"24":-0.858316409356856,"25":0.8777149365412098,"26":0.29404868899462727,"27":-0.2362119278971208,"28":0.2969341806255283,"29":0.5745632537514225,"30":0.1732675430539195,"31":0.3646232853604722,"32":0.33941138680201227,"33":0.3404523812319072,"34":-0.06910960016508941,"35":0.841575563359608,"36":-0.19646800159963454,"37":0.1768093923021142,"38":-0.16546418627616685,"39":0.5211333570298813,"40":0.9191469268683712,"41":0.7519852685761901,"42":-0.4981728913616297,"43":0.7215333975058966,"44":0.11199168421151766,"45":0.41299914702229884,"46":0.8780588936240472,"47":-0.4261055925228754,"48":0.04061923555911129,"49":-0.5493689773644572,"50":0.14802401737975623},