{"layerSizes":[10,40,1],"weights":{"0":{"11":0.08923868383322134,"12":0.7010086385305517,"13":-0.15464058942312928,"14":0.61994637367467,"15":0.1735493726755584,"16":-0.26395628251428016,"17":-0.33163921863405915,"18":0.3063983441127001,"19":0.1770001386533697,"20":0.19767291684205654,"21":0.37250480918384715,"22":0.530590780820323,"23":0.3531310113629841,"24":0.24159785056611746,"25":-0.1793729698726386,"26":0.1655110518176111,"27":0.18563070563973036,"28":-0.26934475100539435,"29":-0.05928727755631741,"30":-0.29968971760466456,"31":-0.28679367770304975,"32":-0.03630173882302301,"33":0.35330911576627305,"34":0.22675126543463903,"35":-0.5945382287260668,"36":-0.6711220343368101,"37":0.6714115837607518,"38":-0.16643924754150627,"39":-0.15519791092774185,"40":0.005383727875407579,"41":0.29022813927975516,"42":0.3308494980403698,"43":-0.3725180847385259,"44":0.6903287475721387,"45":-0.30313558072784097,"46":-0.5045557129293083,"47":-0.41692831021798304,"48":0.15513250523138827,"49":0.7071261301389254,"50":-0.1230658084586537},"1":{"11":0.1908405164033842,"12":0.6821098933677853,"13":-0.18673040723899662,"14":0.5755266219758519,"15":0.16798563365050592,"16":-0.3865720340097272,"17":-0.3684907676798238,"18":0.34013531796442514,"19":0.16409480890206696,"20":0.15280696234436225,"21":0.3786198514138131,"22":0.39751939053317137,"23":0.318987967917292,"24":0.30561245248240976,"25":-0.0008246996352185669,"26":0.1832262177525488,"27":0.21327201659443987,"28":-0.31321551439472495,"29":-0.2198179486317609,"30":-0.4073730021135974,"31":-0.23422600968504148,"32":-0.01811678769741684,"33":0.530244668973306,"34":0.14639456975868936,"35":-0.49697724188592324,"36":-0.4926250942232517,"37":0.7097797269149578,"38":-0.18748683294017413,"39":-0.18521867174736714,"40":-0.02546783350851871,"41":0.2400510495934047,"42":0.36862888503803054,"43":-0.27084458475313644,"44":0.5996176473110599,"45":-0.3568042722798048,"46":-0.6295346781704569,"47":-0.42593851753962997,"48":0.16865780860674126,"49":0.6419657679562133,"50":-0.06855801956197696},"2":{"11":0.19545769686805695,"12":0.6136638516355629,"13":-0.02813322900562377,"14":0.6814985940572444,"15":0.27159753613125576,"16":-0.34082971752911567,"17":-0.3409682975852254,"18":0.2925815183269615,"19":0.2976541511308274,"20":0.2376209751931569,"21":0.3668655205253581,"22":0.5387318109402939,"23":0.37996206039670116,"24":0.24963917310349976,"25":-0.12685541539179454,"26":0.0786874285727947,"27":0.215253312827994,"28":-0.3687466738929867,"29":-0.14370382697692075,"30":-0.33573127239154865,"31":-0.252209228421738,"32":-0.11283348508431787,"33":0.3529342771439885,"34":0.16259424725136268,"35":-0.6548960892630573,"36":-0.5673869758989998,"37":0.684402346620197,"38":-0.1640246601791783,"39":-0.032056883713497464,"40":0.4725259956070796,"41":0.27502288325045837,"42":0.30414888697503256,"43":-0.42788525844552183,"44":0.7005187726959439,"45":-0.416758609738182,"46":-0.5413206301616269,"47":-0.3562818667109607,"48":0.13350657521078876,"49":0.6541601721439284,"50":-0.10785888908721389},"3":{"11":0.062035285229969796,"12":0.09572848336157846,"13":-0.11864244516534325,"14":0.7031623524456112,"15":0.24342215386095858,"16":-0.24321113742070288,"17":-0.42051318199192433,"18":0.2700803970890707,"19":0.21633059471399466,"20":0.078885950040816,"21":0.2726628539751887,"22":0.12963112516032355,"23":0.36192313413371263,"24":0.3856968973269007,"25":-0.16792671481538932,"26":0.2227905895442449,"27":0.20987852090222406,"28":-0.2937582280672841,"29":-0.10362250642169096,"30":-0.23562259356472964,"31":-0.312669121867556,"32":0.002560645494231774,"33":0.44858914289920176,"34":0.0011121788232318491,"35":-0.5286388071213528,"36":-0.6472869400810781,"37":0.7099797506063142,"38":-0.0566288651744261,"39":-0.08579341978772659,"40":0.056863963261662855,"41":0.1624743920772433,"42":0.4092325774482268,"43":-0.37154894775210423,"44":0.6395738636755064,"45":-0.3232524900621565,"46":-0.601534013787274,"47":-0.3815226369762832,"48":0.016556702846447155,"49":0.6210832537121559,"50":-0.17096442348585209},"4":{"11":-0.10210377381479749,"12":0.22951950037041835,"13":-0.3694838939339537,"14":1.0814125785453041,"15":0.3717287627202997,"16":-0.9422018225777943,"17":-0.9198868004547105,"18":0.4786095744271548,"19":0.5072923437557882,"20":-0.32408688720802975,"21":0.4329667959634473,"22":0.12025143851222762,"23":0.3109147100489535,"24":0.4503387280525113,"25":-0.3515796597346647,"26":-0.10530182112413725,"27":0.3857295112130882,"28":-0.9579113711623084,"29":0.27284741572764,"30":-0.8932159844478889,"31":-0.8806279615178922,"32":-0.3220549957383458,"33":0.26322396972185086,"34":0.21264677971268603,"35":-0.14658827320113943,"36":-0.013775692804717042,"37":0.36704915526488435,"38":-0.34862128317119945,"39":-0.42692110876577105,"40":-0.12716662421281422,"41":0.0016059681126458364,"42":0.28382937344073234,"43":-0.8552302247465212,"44":1.0472641718922215,"45":-0.9257596787882325,"46":-0.10978751588164803,"47":-0.9521791505724587,"48":-0.06733145837526808,"49":0.34031354844943285,"50":-0.37650107343079603},"5":{"11":0.1790559900622963,"12":0.3269352027519814,"13":-0.12341485663495728,"14":0.5757981038645841,"15":0.2730580604474546,"16":-0.2866535567696322,"17":-0.24477097674439774,"18":0.30543807017099994,"19":0.1753923874535611,"20":0.10463213415521593,"21":0.5069150938808796,"22":0.3742623021773457,"23":0.4200955848467302,"24":0.22952783766191992,"25":0.03142652418980795,"26":0.25150478540621385,"27":0.1734431285307866,"28":-0.15185945410766344,"29":-0.23806562791552532,"30":-0.2307039857904607,"31":-0.27082306616811513,"32":-0.07826058012382049,"33":0.4706511515943,"34":0.401384213965659,"35":-0.43182806325736806,"36":-0.472233954484433,"37":0.6444940614246931,"38":-0.07191374595081414,"39":-0.0657769224138098,"40":0.4477851944181219,"41":0.24508513046808741,"42":0.542699140766013,"43":-0.22296231070799055,"44":0.5000777375770493,"45":-0.2865757873288059,"46":-0.42768131907098544,"47":-0.17388262487722334,"48":0.17050639444479962,"49":1.0245149439492733,"50":-0.08625641230250004},"6":{"11":-0.1535484372231166,"12":0.21208483697133795,"13":-0.4083106739749149,"14":1.0035751653261293,"15":0.48206466518522445,"16":-0.850380904396689,"17":-1.0003346168258505,"18":0.47424461008928487,"19":0.5297721311871443,"20":0.24370274760002963,"21":0.4053150613669307,"22":0.18475869871569728,"23":0.4082080302136834,"24":0.6057311320334877,"25":-0.29737673928733127,"26":-0.10851233018163683,"27":0.4294378319195499,"28":-0.8781395873295231,"29":0.11915945315950371,"30":-0.9098150741612699,"31":-0.9407021982845023,"32":-0.3668783807843717,"33":0.3663821088338189,"34":0.14415590792947613,"35":-0.12302879203767525,"36":-0.0035967757516893392,"37":0.3370045915162778,"38":-0.2883587058757087,"39":-0.31269716378550816,"40":0.002933490599889413,"41":0.09396575932234041,"42":0.26332378472661566,"43":-0.9765769430443711,"44":1.0287305650681873,"45":-0.8649596442607514,"46":-0.10923611758869822,"47":-0.8752238144903975,"48":-0.0009137095564570735,"49":0.24960740049621843,"50":-0.270324603304935},"7":{"11":0.1896211275426312,"12":0.6344743603942941,"13":-0.039801472438685676,"14":0.6986613748698176,"15":0.1844405696214819,"16":-0.3099353901844548,"17":-0.4087904853378327,"18":0.2577199745916728,"19":0.18897050760448722,"20":0.1861559043648819,"21":0.45509509349547367,"22":0.47703397780534723,"23":0.38581576950364876,"24":0.2256778513888106,"25":-0.07709041639307809,"26":0.2009598167035547,"27":0.35271367741500836,"28":-0.3561050987034324,"29":-0.04287350101461086,"30":-0.4197743894869761,"31":-0.2628613244980789,"32":-0.1144552224396356,"33":0.48691621845254557,"34":0.2529941090959897,"35":-0.6428907782060067,"36":-0.5687217280613186,"37":0.7642090290661504,"38":-0.018161760427024855,"39":-0.055427382480553,"40":0.5459853796157162,"41":0.13894459151274854,"42":0.28149161832930986,"43":-0.2673975622264696,"44":0.5848632927893629,"45":-0.39473781914976147,"46":-0.5743916230534301,"47":-0.25419916760831013,