{"layerSizes":[10,40,1],"weights":{"0":{"11":-0.4149584581247922,"12":-0.12094011764815746,"13":0.7270958299537287,"14":0.4017674832169935,"15":0.1531090356097363,"16":0.15842363525643394,"17":-0.36405635828167865,"18":-0.30572449999246626,"19":-0.20641346188064738,"20":0.10987648121429323,"21":0.9316024188662778,"22":0.3203157524113323,"23":-0.14924656421444615,"24":-0.18162769448133978,"25":0.009029996471256161,"26":0.9150696444434717,"27":0.08315033840585374,"28":0.007799597383017463,"29":0.9271267464428009,"30":0.08821939915575672,"31":0.8563588441931289,"32":1.05765283330632,"33":0.36254243815848913,"34":0.5514770279328427,"35":-0.18479614789784307,"36":-0.2399715579997844,"37":0.01501249013728672,"38":1.0573966534705805,"39":0.07185045349279762,"40":0.4275275895050408,"41":0.27810246774429814,"42":0.6843392258002132,"43":0.9860342583127307,"44":0.596067506336474,"45":-0.37711896664063455,"46":0.39337407240551847,"47":0.6794539238466322,"48":0.21898135043930073,"49":-0.11289384039464313,"50":-0.12870465540949444},"1":{"11":-0.40858057635752104,"12":-0.17731875956092533,"13":0.5945111970007013,"14":0.3786733612267283,"15":0.15153682328883913,"16":0.26505884098924454,"17":-0.3574248062205149,"18":-0.3902150122590799,"19":-0.22194816563877842,"20":0.11209942185255141,"21":0.9473129992630879,"22":0.31017556543260194,"23":0.00007849727184361388,"24":-0.3692742961120365,"25":-0.08677086648629385,"26":1.0442751094503815,"27":0.1342158378503906,"28":0.11305262446827742,"29":1.0581662265596075,"30":-0.037644424338019275,"31":0.689767669604163,"32":0.9170318537793684,"33":0.3568828543044161,"34":0.564080631237819,"35":-0.290340501815745,"36":-0.3378142688053601,"37":0.02947814676374455,"38":0.8834356148779583,"39":0.17951988904857505,"40":0.3694505197333476,"41":0.3392258761940881,"42":0.6130252755733034,"43":0.9028621399928302,"44":0.5789882838796727,"45":-0.3295790067362327,"46":0.31579979888891907,"47":0.7465316214489592,"48":0.08634488640399146,"49":-0.06382376776876661,"50":0.008141707007642579},"2":{"11":-0.3045251957511747,"12":-0.3563956548522403,"13":0.18021150870900224,"14":0.4819488046514275,"15":-0.47010887339537083,"16":0.18854143240909657,"17":-0.7725538969015291,"18":-0.2961082903716275,"19":-0.7578997451466409,"20":-0.27456450842235725,"21":1.0388285373262196,"22":0.4831083556633408,"23":-0.323466693963721,"24":-0.7455569545416205,"25":-0.056872905848069824,"26":0.5958198676536617,"27":-0.28631388895872545,"28":-0.14378544109558705,"29":0.8986706860823385,"30":-0.09854584862262095,"31":0.2850046912103718,"32":0.3052176246113086,"33":0.6332524911518229,"34":1.1628464514632793,"35":-0.6588637383452743,"36":-0.6480466859463981,"37":-0.17671373573300272,"38":1.0528933266335576,"39":-0.15989431173471386,"40":0.4658126797740026,"41":1.194748324189837,"42":0.13745595811205655,"43":0.6769580166489739,"44":0.20402575903388112,"45":0.1425863676771934,"46":0.5729470085697386,"47":0.5574401668857967,"48":0.4100205565592106,"49":-0.34894338705342515,"50":-0.32096542663856903},"3":{"11":0.6188141236560839,"12":-0.27457194666986284,"13":-0.3369206634667783,"14":1.8426437999190957,"15":-0.7135813211395212,"16":-0.25224516280648024,"17":-0.6804617890443342,"18":0.5056485919661788,"19":-0.5493016020694783,"20":-0.4718950218949846,"21":0.45938771969904874,"22":1.820618889252676,"23":-1.5983982984589045,"24":-0.6803096501420555,"25":-0.038911011264143536,"26":0.03370730284129106,"27":-0.4463170842610242,"28":-0.31729873025091376,"29":0.9102401736513651,"30":-0.6312818900109055,"31":-0.3711075349534849,"32":-0.6116077659922673,"33":1.897374475638486,"34":0.5221981701493169,"35":-0.5991548197621994,"36":-0.562408155614425,"37":-1.5324774685418487,"38":0.7092628644639338,"39":-0.5580424249792897,"40":1.886311255307961,"41":0.49332702527162764,"42":-0.40255921556085866,"43":0.5509494473578826,"44":-0.45716768555162574,"45":1.8532344741531381,"46":0.3329917959256914,"47":-0.3622780962636949,"48":-0.04711428958911617,"49":-1.491055001829069,"50":-1.6383788257888041},"4":{"11":1.0816169127499842,"12":-0.9417532298039626,"13":-1.5996541190760711,"14":3.2078636532809703,"15":-1.413479699704071,"16":-0.16041555442637062,"17":-1.2896356437296759,"18":1.0910135559884488,"19":-1.277186990617344,"20":-0.8402465710562135,"21":0.025034705062563112,"22":1.0347634688166545,"23":-3.118857851618081,"24":-1.1854811866090122,"25":-0.08330401628410962,"26":-3.129547220993927,"27":-0.9627646455317116,"28":-0.9171330945993108,"29":0.652424751447598,"30":-1.3870317687064921,"31":-0.9164870515683099,"32":-1.5307680206221306,"33":3.1162984187269296,"34":1.2087414572009907,"35":-1.2150206231510976,"36":-1.333554686136936,"37":-3.0285505750665473,"38":-0.23198834896917242,"39":-1.4839281824670711,"40":3.0838308941877344,"41":1.21361676014719,"42":-1.01851765825956,"43":-0.33393059543965714,"44":-0.3767805368377517,"45":3.204068576224606,"46":1.092312970139602,"47":-0.38261007843794215,"48":0.025755290990724655,"49":-3.1717209847075214,"50":-3.1843545047948756},"5":{"11":0.6398729015033559,"12":-0.2955376811064603,"13":-0.29698818176536734,"14":1.7337663870913742,"15":-0.7544353436551463,"16":-0.24338344090172975,"17":-0.6438003686668202,"18":0.6480389919309346,"19":-0.69272563068847,"20":-0.9172363656083875,"21":0.3627848111205781,"22":1.7193969766008403,"23":-1.5712957324759282,"24":-0.591496288131288,"25":0.28298471318735047,"26":-1.611317067490264,"27":-0.862300679244576,"28":-0.36381690103261805,"29":0.6733205047528179,"30":-0.6796047075760013,"31":-0.4573271630896374,"32":-0.11920600557948824,"33":1.727735220239389,"34":0.6466907928674219,"35":-0.5686378904074285,"36":-0.580052225779941,"37":-1.5000868992812728,"38":0.7347322381031505,"39":-0.7118941653783186,"40":1.9161627224494922,"41":0.6456228676069388,"42":-0.3944488170133523,"43":0.4158969557489261,"44":-0.3740993059510058,"45":1.7518421392464956,"46":0.6160195871318993,"47":-0.18831874578639662,"48":-0.053090764428959596,"49":-1.568855497700233,"50":-1.5789841023787237},"6":{"11":0.5319906393645977,"12":-0.1221020625056799,"13":-0.2732757832070726,"14":1.7617227412878385,"15":-0.8246616132650189,"16":-0.15049035758612614,"17":-0.5291523428725224,"18":0.4427854735320308,"19":-0.577528761684744,"20":-0.3567701741159364,"21":0.5875176562209952,"22":0.6773995519511513,"23":-1.5677555413688313,"24":-0.6737868333458598,"25":-0.06056525879997199,"26":-1.62825097270335,"27":-0.36621041675572014,"28":-0.2988434850957395,"29":0.9442915934876689,"30":-0.5512174121639184,"31":-0.3234692222614639,"32":-0.6537657341022322,"33":1.8981931644456558,"34":0.6811803173732983,"35":-0.5802195281040767,"36":-0.5728536107661537,"37":-1.5406864251404724,"38":-0.013315669722107737,"39":-0.702356443252107,"40":1.8998308919578921,"41":0.5430892357973819,"42":-0.3873509092638201,"43":0.607206665666737,"44":-0.46150898572758015,"45":0.766354351688259,"46":0.8713118353778575,"47":-0.326112499552572,"48":0.016681274381323913,"49":-1.6535021180728653,"50":-1.5894859184726722},"7":{"11":0.32984030169410555,"12":-0.6433690650735825,"13":-0.3140394732058138,"14":1.9100704660511085,"15":-0.7159075307379464,"16":-0.30417606917945816,"17":-0.6830904195763402,"18":0.3387059699983471,"19":-0.5417999379450242,"20":-0.4260473478701691,"21":0.5939010124087143,"22":1.8611104924258663,"23":-1.5053509762296484,"24":-0.6164053526761604,"25":0.0007542753836126126,"26":0.08615582688483028,"27":-0.35683096461465197,"28":-0.3202901406403283,"29":0.9817449467057079,"30":-0.7050138073211423,"31":-0.4283474500262526,"32":-0.08347636879514875,"33":1.8493113979828566,"34":0.67545139441047,"35":-0.5386651899311888,"36":-0.5427544441329774,"37":-1.493580319908143,"38":0.5802253415066458,"39":-0.6843553235639371,"40":1.9050139284742462,"41":0.6828577163407045,"42":-0.3728328041813364,"43":0.5775204616385425,"44":-0.2781262015862366,"45":0.5512374068333,"46":0.8189124574447222,"47":-0.33201944762215857,"48":-0.010747292319321866,"49":-1.6339987706722392,"50":-1.5158019558938396},