{"layerSizes":[10,40,1],"weights":{"0":{"11":0.4960318311242742,"12":-0.058322516642726425,"13":-0.24300648277438403,"14":0.42940364586877383,"15":-0.195723278542478,"16":0.4636676057200978,"17":0.21474425220305138,"18":0.4969221220609572,"19":-0.7138306786785836,"20":-0.04018493415780283,"21":0.7745933339534653,"22":-0.3148748716324119,"23":-0.2862804690845082,"24":-0.050332786769043465,"25":0.15626094485630282,"26":0.06024741697766585,"27":-0.42457247943005916,"28":0.3346204330500736,"29":0.651470574193936,"30":0.0390628921534555,"31":-0.4131479158039398,"32":0.2289344858976063,"33":0.3627767753613716,"34":0.06557775696941927,"35":0.12830842484707372,"36":0.2403061231673122,"37":0.38550189756318864,"38":0.8641652490855992,"39":-0.9613781479307816,"40":0.5171220541884023,"41":0.5277141272279945,"42":0.2720035840823357,"43":0.4454267552157464,"44":0.37801259041310326,"45":0.06281683830357924,"46":0.01108784181055313,"47":0.02378053925276726,"48":0.401282629182051,"49":0.3763161671329175,"50":0.21631953923427788},"1":{"11":0.5190766325054271,"12":0.00918499695126783,"13":-0.25892717904664836,"14":0.49146705338768826,"15":-0.28578421430889084,"16":0.4108379812448627,"17":0.23492967055829905,"18":0.45107311289207896,"19":-0.6049032809293474,"20":-0.0049893120646376,"21":0.8477838448514073,"22":-0.2924045556586485,"23":-0.2026058142181309,"24":0.07811912948529694,"25":0.1926709384960401,"26":-0.0023830563809723107,"27":-0.5172963907634996,"28":0.5261570988180511,"29":0.5820393923729894,"30":-0.037491878916797894,"31":-0.39443277120373993,"32":0.05025525028382456,"33":0.5086391219079074,"34":0.06622905376608827,"35":0.2088549068370904,"36":0.163973370554591,"37":0.38194620794436734,"38":0.88942915424221,"39":-0.8741602317592619,"40":0.5742960974664116,"41":0.48565808809125643,"42":0.24436157044473322,"43":0.46327025898662677,"44":0.4360239958887109,"45":-0.09898604531851402,"46":0.08038151832165714,"47":0.2805734999965098,"48":0.335894320301002,"49":0.4139192051250825,"50":0.21983602454933976},"2":{"11":0.26647540028472755,"12":0.19249285717414022,"13":-0.02073700648568462,"14":0.04192230975851703,"15":-0.0653317529538225,"16":0.36707412363040726,"17":0.8357707794280543,"18":0.4018945379250139,"19":-0.21220235604018384,"20":0.20251378918057472,"21":0.38073584178930214,"22":-1.6426105265402424,"23":-0.1544947609383267,"24":-1.5936461884579536,"25":-0.05562712101693604,"26":-0.6663740458274561,"27":-0.15525220798197673,"28":0.23545143032117744,"29":0.5591877308122802,"30":0.25289844567210323,"31":-0.019806891689104777,"32":0.7328314809222196,"33":0.2810493826736111,"34":-0.6407659345523476,"35":-0.31574965564193974,"36":-0.4160870256984109,"37":0.2580132404504893,"38":0.2541039874767057,"39":-0.18902538392462362,"40":0.3743424477921775,"41":0.18376350247251166,"42":0.08518776934635883,"43":0.24495025268611603,"44":0.33017896942059566,"45":-0.6680052295877889,"46":-0.1319811796081805,"47":-0.9863545565982924,"48":0.17673821767518166,"49":0.2595785537199154,"50":0.035869604429597926},"3":{"11":-0.6525009638062332,"12":0.21837279937566356,"13":1.4769240573401905,"14":-0.273977113778406,"15":0.5345790744315019,"16":0.42356368161072866,"17":1.6108094578423566,"18":-0.0822542260129197,"19":0.7950432006453523,"20":0.33958528762730333,"21":-0.2257299715864719,"22":-1.4788584951021595,"23":0.006803508066767695,"24":-1.5002128871256095,"25":0.41008013785884023,"26":-1.5673396165339144,"27":0.5547254617221296,"28":-0.650866734621036,"29":0.29482218531239324,"30":0.43575809185502756,"31":0.4062014290190894,"32":1.417436156726827,"33":0.2578708567797959,"34":-1.5930175463626466,"35":-0.6213238939086252,"36":-1.002630803988298,"37":0.36053541065921413,"38":-0.09703145796763743,"39":0.5737543977677925,"40":-0.14068006065789102,"41":-0.39291267924536977,"42":-0.21613331543986614,"43":0.21952915182496752,"44":-0.32512681195612664,"45":-1.5640762443024403,"46":-0.26504466284258055,"47":-0.06611543246042076,"48":-1.4705703932198493,"49":-0.6012100231073869,"50":-0.12646504771913852},"4":{"11":-0.7264291824045724,"12":0.04872854137728273,"13":1.5107676497469045,"14":-0.4081023447482706,"15":0.5334798151019257,"16":0.3981468436924644,"17":1.5055319698487069,"18":-0.17000180843731572,"19":0.725620769158918,"20":0.43150331798120756,"21":-0.1623859760437371,"22":-1.6142115176976994,"23":0.40149255331878386,"24":-1.4873522708237061,"25":0.4314328501488696,"26":-1.558146456663958,"27":0.4977591553491547,"28":-0.7187523582941714,"29":0.3681319077368366,"30":0.48189545377099385,"31":1.349711862433538,"32":1.3869882380033345,"33":-0.006142634267579751,"34":-1.5199731595131778,"35":-0.5484310257005913,"36":-0.8968864732245657,"37":0.3650002565507322,"38":-0.14858929970159737,"39":0.7749875983212599,"40":-0.040411550669873515,"41":-0.3289807412426353,"42":0.26322510147016015,"43":0.22623613645231844,"44":-0.3804645562418553,"45":-1.4750265942957042,"46":-0.35631604072683754,"47":-0.03411642772389293,"48":-1.646396868908314,"49":-0.6546877293605833,"50":-0.114071157771994},"5":{"11":-0.6716687356547891,"12":0.0772270285107929,"13":0.4405233896779098,"14":-0.34967086035179085,"15":0.4047790081943493,"16":0.4006817232880254,"17":1.6414549429625562,"18":-0.08086713407992122,"19":0.6524724373953477,"20":0.3125080097534404,"21":-0.1400545638538153,"22":-1.6396415926901786,"23":0.07128179454511258,"24":-1.610546966060906,"25":0.35770020966664307,"26":-1.5773091362268645,"27":0.568867968409361,"28":-0.6575980809709212,"29":0.410043843608854,"30":0.4350494076123814,"31":0.3677295762028675,"32":1.2787648586637084,"33":0.2271944859291975,"34":-1.5107152513960338,"35":-0.6610878242891771,"36":-0.003894913614795305,"37":-0.5886373472560615,"38":-0.1609147391148683,"39":0.5791272626008623,"40":-0.07098559291672249,"41":-0.3714273619855616,"42":-0.2560370729174738,"43":0.2606355446012838,"44":-0.4378832157749486,"45":-0.3460274797263435,"46":-0.3438748638921796,"47":-0.058080529343376465,"48":-1.6028501333228815,"49":-0.6118906653386522,"50":-0.05093637807456417},"6":{"11":-0.667857371163336,"12":0.16618870485449727,"13":1.542049671877126,"14":-0.2751337638135884,"15":0.5628804379190638,"16":0.4223318970325873,"17":1.498177348243063,"18":-0.09071364934199622,"19":0.6946491018062765,"20":0.40897512710722417,"21":-0.05564586082601994,"22":-1.4546988709665218,"23":0.14310542777370713,"24":-1.5747893611004404,"25":0.29827792320576235,"26":-1.6345682349617068,"27":0.49156009841534853,"28":-0.6849885652389978,"29":0.35827515742577865,"30":0.505973606458516,"31":0.4401226663487995,"32":1.2711112448817254,"33":0.20927156632541882,"34":-1.5026947158856945,"35":-0.5379095681995157,"36":-1.0023981695708444,"37":0.1778044355419633,"38":-0.05492676197539573,"39":0.6405148767450626,"40":0.17293068170086046,"41":-0.28477650876666566,"42":-0.205184542362009,"43":0.21297926865230815,"44":-0.29333313022961605,"45":-1.450579145752283,"46":-0.3478643836036942,"47":-0.0492031248044261,"48":-1.4522408099314243,"49":-0.6554164591112274,"50":-0.01668454208756496},"7":{"11":-0.12549391767257428,"12":0.16391546339010232,"13":0.5142349134448971,"14":-0.29942458485238327,"15":0.5011936842632911,"16":0.25460750867571713,"17":1.5401589684651191,"18":0.04626889691989049,"19":0.6187642429948554,"20":0.3920806119036213,"21":-0.04469604326987989,"22":-1.4805814909715724,"23":0.0724264115199226,"24":-1.5097566750489722,"25":0.28597783579033403,"26":-1.5698046375289803,"27":0.5072517572242602,"28":-0.6544029133110252,"29":0.24542766727756973,"30":0.5219404022675881,"31":0.4408682366470177,"32":1.4380989481304005,"33":0.20774409911888903,"34":-1.5732120633856812,"35":-0.6314667430729747,"36":-0.835866787475308,"37":0.3055968236912007,"38":-0.15963883033512932,"39":0.6812392929633794,"40":0.061490062821652286,"41":0.08603711090631795,"42":-0.21678706878612675,"43":0.24941837348038431,"44":-0.3529485781176246,"45":-1.6120363407765825,"46":-0.401977923058895,"47":-0.1714459665398016,"48":-1.5333525082476362,"49":-0.5894867644932452,