{"layerSizes":[10,40,1],"weights":{"0":{"11":-0.24436120949362727,"12":0.27728028938726057,"13":0.31462849246663627,"14":-0.43828023569915286,"15":0.3227560692592873,"16":-0.26031317445109936,"17":0.27801110962690656,"18":-0.04668005131185085,"19":-0.25257500421996615,"20":0.3520425750707477,"21":-0.35396608631146276,"22":0.38740271986265096,"23":0.39392944881483166,"24":-0.2815768711143851,"25":-0.0649775689786308,"26":-0.40268276699284755,"27":-0.16875218385192978,"28":0.03771328215204716,"29":0.041965580862577435,"30":-0.14170700652565024,"31":-0.36740745367469463,"32":0.26596008916482544,"33":-0.3734788833716931,"34":0.3868435427401005,"35":-0.31555783081397354,"36":0.7182079009175927,"37":-0.36838571874007053,"38":-0.01926439553624938,"39":-0.011290441184763758,"40":0.3911074998347096,"41":0.7571472465670638,"42":0.4005547468162294,"43":0.4127989543598742,"44":0.40589803363126636,"45":-0.43487195841902326,"46":0.7767499857312509,"47":0.39818533884399177,"48":-0.04994402573651069,"49":-0.2405467132437057,"50":-0.650896371168447},"1":{"11":-0.35211470622624214,"12":0.4035945463990356,"13":0.41316033765674176,"14":-0.5157814245138106,"15":0.30662470288149607,"16":-0.4003272093707493,"17":0.35407421696937486,"18":-0.0632711506499517,"19":-0.4063285707384452,"20":0.352466225706879,"21":-0.2745665321869949,"22":0.3201338443640451,"23":0.33736844537106897,"24":-0.3045897481541884,"25":-0.1713837459093888,"26":-0.39205444609207474,"27":-0.15389728281225637,"28":0.03853383472198118,"29":0.08650625287858224,"30":-0.09890686587954814,"31":-0.37595342527758113,"32":0.157440672000806,"33":-0.26751956405272326,"34":0.36111813399267473,"35":-0.4135416939886484,"36":0.6488485111228349,"37":-0.27842916970719545,"38":-0.06333133699970403,"39":0.10081460511515641,"40":0.3590531597283961,"41":0.6547883576040665,"42":0.40524990096077207,"43":0.3158006050136783,"44":0.27809442434868925,"45":-0.3742631651177569,"46":0.7240684816875899,"47":0.428205009829924,"48":-0.15356172169568674,"49":-0.2819613140990353,"50":-0.6426595868371434},"2":{"11":-0.2971291236028262,"12":0.4154117229357622,"13":0.29991038436815753,"14":-0.3994136326768367,"15":0.3696367209438495,"16":-0.32296936013628974,"17":0.3575848211685549,"18":-0.0475972430358412,"19":-0.32314695749162264,"20":0.41722416321283856,"21":-0.3738928013192852,"22":0.39792034580946517,"23":0.3317314662063348,"24":-0.34296801767203133,"25":-0.034972877292079624,"26":-0.4135647187925674,"27":-0.06722528829120486,"28":-0.14903797816583358,"29":-0.03917880156795191,"30":-0.12427160728859268,"31":-0.45171486764101376,"32":0.05090966208040251,"33":-0.35405166060307014,"34":0.33749677650148907,"35":-0.8307346964465864,"36":0.7553689066665651,"37":-0.27601601984128277,"38":0.35241785406467174,"39":0.07863128336822114,"40":0.4646106564706669,"41":0.3829082989333324,"42":0.39043490476570913,"43":0.2913928210336398,"44":0.38633240989986745,"45":-0.3452795404063682,"46":0.8832933437784585,"47":0.3206421362978542,"48":-0.14315187678071625,"49":-0.43223442416871416,"50":0.20830646587736024},"3":{"11":-0.9245302312293765,"12":0.11854405323615794,"13":0.4192346501696806,"14":-0.43473574234735823,"15":0.3251080526515555,"16":-0.35659087392203215,"17":0.36088047425166553,"18":-0.011441010028287495,"19":-0.2960100166713021,"20":0.4399993412098194,"21":-0.33329167153632344,"22":0.43246882676048354,"23":0.31354877661137026,"24":-0.3678528554430125,"25":0.14929815515709197,"26":-0.3823195232064046,"27":-0.035816859515560115,"28":-0.3446181491979645,"29":0.1420703865981477,"30":-0.18606748214941396,"31":-0.2697415239151635,"32":0.23627266742963635,"33":-0.308195536967806,"34":0.3029267761313443,"35":-0.18954998182091282,"36":0.7253383443286218,"37":-0.34807618013635444,"38":0.3958891173164422,"39":0.030357446293228486,"40":0.4181046497864231,"41":0.4099622283636373,"42":0.2901210559451741,"43":0.33166375262802544,"44":0.3529456870090326,"45":-0.38111379628923125,"46":0.4386596376729271,"47":0.3236028309232422,"48":-0.11184141000973255,"49":-0.3564733683041557,"50":0.33773483117408837},"4":{"11":-0.9790125870100131,"12":0.18079021427974465,"13":0.35825472723833846,"14":-0.4215349219132525,"15":0.396502918371453,"16":-0.45325252323726495,"17":0.2805545921286142,"18":-0.032245420672973854,"19":-0.3383745213977493,"20":0.35013101310612316,"21":-0.33925505207370493,"22":0.3191485245300613,"23":0.3584910152766267,"24":-0.35644699883134556,"25":-0.1852571910793658,"26":-0.4204265043215518,"27":-0.04547251138899447,"28":-0.2716355509456293,"29":0.07176665739847402,"30":-0.15618160934376088,"31":-0.3638049530817402,"32":0.06566284555707683,"33":-0.4106288928085986,"34":0.3952588819144507,"35":-0.05431074095491876,"36":0.6688435466518976,"37":-0.354235538327239,"38":0.4147754935839108,"39":0.1275912058638533,"40":0.3733735613234879,"41":0.4436728236206304,"42":0.3024928804387585,"43":0.45438018111974343,"44":0.31189334176962663,"45":-0.3971146736621648,"46":0.4548102544886225,"47":0.3284821209545753,"48":-0.13263119712026664,"49":-0.32715998666483337,"50":0.23283972303819161},"5":{"11":-1.0143308519014926,"12":0.01803199829343004,"13":0.35940233152348333,"14":-0.10545063743532626,"15":0.29091906920461497,"16":-0.29729103253968003,"17":0.3585167993150182,"18":-0.17676558906339937,"19":-0.38738193855142694,"20":0.37529935879095466,"21":-0.31872402679765455,"22":0.26595573528179167,"23":0.29092327696238945,"24":-0.32092069863907435,"25":-0.1650386270463259,"26":-0.3537512172398738,"27":-0.041800476482070165,"28":-0.269098868682066,"29":0.04436061808739226,"30":-0.13215665743465163,"31":-0.33777278660396803,"32":-0.36784818411517306,"33":-0.44672557956441505,"34":0.29086957168653044,"35":-0.04529455361093113,"36":0.6543519824005408,"37":-0.4268588730237305,"38":0.4655190796993543,"39":0.04121433694715008,"40":0.38942483442433,"41":0.417607689533945,"42":0.30943819014397583,"43":0.32541696252445895,"44":0.3959775282354292,"45":-0.3157534042684337,"46":0.39092138978307683,"47":0.43283589638286707,"48":-0.18871457224018187,"49":-0.4161400156514666,"50":0.41438840663028403},"6":{"11":-0.9236288426527292,"12":0.10555823029798658,"13":0.4027547171279004,"14":-0.4178076796002662,"15":0.28670575789802943,"16":-0.3859019737278805,"17":0.4682248234622906,"18":-0.062128520838148765,"19":-0.23343336230301098,"20":0.2768025979197416,"21":-0.2843052931461844,"22":0.44180658582443905,"23":0.44218797792670167,"24":-0.34543125155218213,"25":-0.09287658127079254,"26":-0.26859561547531996,"27":-0.054714744322519215,"28":-0.35461632624575623,"29":0.05987020137447611,"30":-0.1405493296141818,"31":-0.4197152750536681,"32":0.1617909491951909,"33":-0.43386098753951363,"34":0.39475366744300305,"35":-0.18234123876710784,"36":0.6394806955781132,"37":-0.4395356213803522,"38":0.4015885609391125,"39":0.048891007203059424,"40":0.4091396092820117,"41":0.30435895059688395,"42":0.4328285224500082,"43":0.3942490833838155,"44":0.3708371472808301,"45":-0.4329254984000239,"46":0.46164937237086107,"47":0.4078320218015022,"48":-0.05571953159257029,"49":-0.3297404341982687,"50":0.28852630891433734},"7":{"11":-0.2944531030003016,"12":-0.06703765072595527,"13":0.28135835561079353,"14":-0.5433560796864069,"15":0.3265116848737256,"16":-0.3180910010550161,"17":0.4286352317342949,"18":-0.14227122931690808,"19":-0.364412653089833,"20":0.4148718416573385,"21":-0.41040072641630254,"22":0.3256142812401698,"23":0.3303735347286401,"24":-0.4284312112594417,"25":-0.10276808909964666,"26":-0.37031660341323214,"27":-0.005325051004365405,"28":-0.04720991411414495,"29":0.029306210892324804,"30":-0.09011391981965136,"31":-0.3004832248101704,"32":-0.2938431900766063,"33":-0.35487294435436834,"34":0.3197171828805988,"35":-0.9047741196186047,"36":0.7752871513885774,"37":-0.3290418420415486,"38":0.3052594237765592,"39":0.07065131319647197,"40":0.30458417466676574,"41":0.28020515151150827,"42":0.2852061641521184,"43":0.37113535966076566,"44":0.38275379326095943,"45":-0.29941871554780963,"46":0.3229424503805422,